{
    "n_rows": 10000,
    "scores": [
        0.8161374327957038,
        0.8238708478624737,
        0.8249501992031896
    ]
}